,strain,species,0,1,2,3,4,detailed_species
0,Acapulco Gold,sativa,Acapulco,Gold,,,,sativa
1,Alaskan Thunder Fuck,sativa,Alaskan,Thunder,Fuck,,,sativa
2,Alice in Wonderland,sativa,Alice,in,Wonderland,,,sativa
3,Allen Wrench,sativa,Allen,Wrench,,,,sativa
4,Aloha,sativa,Aloha,,,,,sativa
5,Amnesia,sativa,Amnesia,,,,,sativa
6,Amnesia Haze,sativa,Amnesia,Haze,,,,sativa
7,Arabian Gold,sativa,Arabian,Gold,,,,sativa
8,Arjan's Strawberry Haze,sativa,Arjan's,Strawberry,Haze,,,sativa
9,Asian Fantasy,sativa,Asian,Fantasy,,,,sativa
10,Bay 11,sativa,Bay,11,,,,sativa
11,Berkely,sativa,Berkely,,,,,sativa
12,Black Diesel,sativa,Black,Diesel,,,,sativa
13,Blue Bayou,sativa,Blue,Bayou,,,,sativa
14,Blue Satellite,sativa,Blue,Satellite,,,,sativa
15,Brainstorm Haze,sativa,Brainstorm,Haze,,,,sativa
16,Candy Jack,sativa,Candy,Jack,,,,sativa
17,Cannalope Haze,sativa,Cannalope,Haze,,,,sativa
18,Cat Piss,sativa,Cat,Piss,,,,sativa
19,Charlotte's Web,sativa,Charlotte's,Web,,,,sativa
20,Chocolope,sativa,Chocolope,,,,,sativa
21,Cracker Jack,sativa,Cracker,Jack,,,,sativa
22,Crystal Coma,sativa,Crystal,Coma,,,,sativa
23,Django,sativa,Django,,,,,sativa
24,Double Diesel,sativa,Double,Diesel,,,,sativa
25,Dr. Grinspoon,sativa,Dr.,Grinspoon,,,,sativa
26,Durban Poison,sativa,Durban,Poison,,,,sativa
27,Dutch Dragon,sativa,Dutch,Dragon,,,,sativa
28,Dutch Hawaiian,sativa,Dutch,Hawaiian,,,,sativa
29,East Coast Sour Diesel,sativa,East,Coast,Sour,Diesel,,sativa
30,Fire Haze,sativa,Fire,Haze,,,,sativa
31,Frostbite,sativa,Frostbite,,,,,sativa
32,Ghost Train Haze,sativa,Ghost,Train,Haze,,,sativa
33,Goldwing,sativa,Goldwing,,,,,sativa
34,Grapefruit,sativa,Grapefruit,,,,,sativa
35,Green Candy,sativa,Green,Candy,,,,sativa
36,Green Crack,sativa,Green,Crack,,,,sativa
37,Green Crack Extreme,sativa,Green,Crack,Extreme,,,sativa
38,Green Goblin,sativa,Green,Goblin,,,,sativa
39,Green Haze,sativa,Green,Haze,,,,sativa
40,"G Stik ""Amarillo""",sativa,G,Stik,"""Amarillo""",,,sativa
41,"G Stik ""Rosado""",sativa,G,Stik,"""Rosado""",,,sativa
42,Hawaiian,sativa,Hawaiian,,,,,sativa
43,Hawaiian Diesel,sativa,Hawaiian,Diesel,,,,sativa
44,Hawaiian Sativa,sativa,Hawaiian,Sativa,,,,sativa
45,Hawaiian Snow,sativa,Hawaiian,Snow,,,,sativa
46,Haze,sativa,Haze,,,,,sativa
47,Haze Wreck,sativa,Haze,Wreck,,,,sativa
48,Hempstar,sativa,Hempstar,,,,,sativa
49,Hydro Green Crack,sativa,Hydro,Green,Crack,,,sativa
50,Island Sweet Skunk,sativa,Island,Sweet,Skunk,,,sativa
51,J-27,sativa,J-27,,,,,sativa
52,Jack Herer,sativa,Jack,Herer,,,,sativa
53,Jack Skellington,sativa,Jack,Skellington,,,,sativa
54,Jack Wreck,sativa,Jack,Wreck,,,,sativa
55,Jamaican Pearl,sativa,Jamaican,Pearl,,,,sativa
56,Jean Guy,sativa,Jean,Guy,,,,sativa
57,Johnny's Tonic,sativa,Johnny's,Tonic,,,,sativa
58,Kaboom,sativa,Kaboom,,,,,sativa
59,Kali Mist,sativa,Kali,Mist,,,,sativa
60,Killing Fields,sativa,Killing,Fields,,,,sativa
61,King's Bread,sativa,King's,Bread,,,,sativa
62,Lamb's Bread,sativa,Lamb's,Bread,,,,sativa
63,Laughing Buddha,sativa,Laughing,Buddha,,,,sativa
64,Lemon Haze,sativa,Lemon,Haze,,,,sativa
65,Lemon Jack,sativa,Lemon,Jack,,,,sativa
66,Lemon G,sativa,Lemon,G,,,,sativa
67,Lemon Sativa,sativa,Lemon,Sativa,,,,sativa
68,Lemon Thai,sativa,Lemon,Thai,,,,sativa
69,Mako Haze,sativa,Mako,Haze,,,,sativa
70,Malawi,sativa,Malawi,,,,,sativa
71,Mango Dream,sativa,Mango,Dream,,,,sativa
72,Maui,sativa,Maui,,,,,sativa
73,Maui Waui,sativa,Maui,Waui,,,,sativa
74,Mexican Sativa,sativa,Mexican,Sativa,,,,sativa
75,Moby Dick,sativa,Moby,Dick,,,,sativa
76,Mother's Finest,sativa,Mother's,Finest,,,,sativa
77,Nevil's Wreck,sativa,Nevil's,Wreck,,,,sativa
78,OCD,sativa,OCD,,,,,sativa
79,OG,sativa,OG,,,,,sativa
80,Outer Space,sativa,Outer,Space,,,,sativa
81,Panama Red,sativa,Panama,Red,,,,sativa
82,Pandora's Box,sativa,Pandora's,Box,,,,sativa
83,Poison Haze,sativa,Poison,Haze,,,,sativa
84,Purple Haze,sativa,Purple,Haze,,,,sativa
85,Q3,sativa,Q3,,,,,sativa
86,Qleaner,sativa,Qleaner,,,,,sativa
87,Rafael,sativa,Rafael,,,,,sativa
88,Red Congolese,sativa,Red,Congolese,,,,sativa
89,Red Haze,sativa,Red,Haze,,,,sativa
90,Rene,sativa,Rene,,,,,sativa
91,Root Beer Kush,sativa,Root,Beer,Kush,,,sativa
92,Sage N Sour,sativa,Sage,N,Sour,,,sativa
93,Shaman,sativa,Shaman,,,,,sativa
94,Shangri La OG,sativa,Shangri,La,OG,,,sativa
95,Shipwreck,sativa,Shipwreck,,,,,sativa
96,Silver Haze,sativa,Silver,Haze,,,,sativa
97,Skunk #1,sativa,Skunk,#1,,,,sativa
98,Sour Chocolate,sativa,Sour,Chocolate,,,,sativa
99,Sour Diesel,sativa,Sour,Diesel,,,,sativa
100,Sour Flower,sativa,Sour,Flower,,,,sativa
101,Sour Haze,sativa,Sour,Haze,,,,sativa
102,Sour Tangie,sativa,Sour,Tangie,,,,sativa
103,Strawberry,sativa,Strawberry,,,,,sativa
104,Sugar Plum,sativa,Sugar,Plum,,,,sativa
105,Super Cat Piss,sativa,Super,Cat,Piss,,,sativa
106,Super Green Crack,sativa,Super,Green,Crack,,,sativa
107,Super Silver Haze,sativa,Super,Silver,Haze,,,sativa
108,Super Snow Dog,sativa,Super,Snow,Dog,,,sativa
109,Super Sour Diesel,sativa,Super,Sour,Diesel,,,sativa
110,Sweet Diesel,sativa,Sweet,Diesel,,,,sativa
111,Tangie,sativa,Tangie,,,,,sativa
112,Thai,sativa,Thai,,,,,sativa
113,Thai Haze,sativa,Thai,Haze,,,,sativa
114,Timewreck,sativa,Timewreck,,,,,sativa
115,Triple Diesel,sativa,Triple,Diesel,,,,sativa
116,Twista,sativa,Twista,,,,,sativa
117,Ultimate Trainwreck,sativa,Ultimate,Trainwreck,,,,sativa
118,Venice OG,sativa,Venice,OG,,,,sativa
119,Very Berry Haze,sativa,Very,Berry,Haze,,,sativa
120,Voodoo,sativa,Voodoo,,,,,sativa
121,Vortex,sativa,Vortex,,,,,sativa
122,Waipi'o Hapa,sativa,Waipi'o,Hapa,,,,sativa
123,Willie Nelson,sativa,Willie,Nelson,,,,sativa
124,Willy Wonka,sativa,Willy,Wonka,,,,sativa
125,Y Griega,sativa,Y,Griega,,,,sativa
126,3X Crazy,indica,3X,Crazy,,,,indica
127,8 Ball Kush,indica,8,Ball,Kush,,,indica
128,A-10,indica,A-10,,,,,indica
129,Abusive OG,indica,Abusive,OG,,,,indica
130,Afghani,indica,Afghani,,,,,indica
131,Afghani Bullrider,indica,Afghani,Bullrider,,,,indica
132,Afghan Kush,indica,Afghan,Kush,,,,indica
133,Afghan Skunk,indica,Afghan,Skunk,,,,indica
134,Afgoo,indica,Afgoo,,,,,indica
135,Afgooey,indica,Afgooey,,,,,indica
136,Alien Dawg,indica,Alien,Dawg,,,,indica
137,Alien Kush,indica,Alien,Kush,,,,indica
138,Ancient OG,indica,Ancient,OG,,,,indica
139,Anesthesia,indica,Anesthesia,,,,,indica
140,Aurora Indica,indica,Aurora,Indica,,,,indica
141,Banana Candy,indica,Banana,Candy,,,,indica
142,Banana Kush,indica,Banana,Kush,,,,indica
143,Barbara Bud,indica,Barbara,Bud,,,,indica
144,Berry Noir,indica,Berry,Noir,,,,indica
145,Big Bud,indica,Big,Bud,,,,indica
146,Blackberry Hashplant,indica,Blackberry,Hashplant,,,,indica
147,Blackberry Kush,indica,Blackberry,Kush,,,,indica
148,Black Cherry Soda,indica,Black,Cherry,Soda,,,indica
149,Black Diamond,indica,Black,Diamond,,,,indica
150,Black Label Kush,indica,Black,Label,Kush,,,indica
151,Blackwater,indica,Blackwater,,,,,indica
152,Blueberry,indica,Blueberry,,,,,indica
153,Blueberry Kush,indica,Blueberry,Kush,,,,indica
154,Blueberry Waltz,indica,Blueberry,Waltz,,,,indica
155,Blue Cheese,indica,Blue,Cheese,,,,indica
156,Blue God,indica,Blue,God,,,,indica
157,Blue Moonshine,indica,Blue,Moonshine,,,,indica
158,Bubba Kush,indica,Bubba,Kush,,,,indica
159,Bubba OG,indica,Bubba,OG,,,,indica
160,Buddha's Sister,indica,Buddha's,Sister,,,,indica
161,Butterscotch,indica,Butterscotch,,,,,indica
162,Candy Cane,indica,Candy,Cane,,,,indica
163,Cactus,indica,Cactus,,,,,indica
164,Cadillac Purple,indica,Cadillac,Purple,,,,indica
165,Cheese Quake,indica,Cheese,Quake,,,,indica
166,Chem Scout,indica,Chem,Scout,,,,indica
167,Cherry Kola,indica,Cherry,Kola,,,,indica
168,Chocolate Chunk,indica,Chocolate,Chunk,,,,indica
169,Church OG,indica,Church,OG,,,,indica
170,Corleone Kush,indica,Corleone,Kush,,,,indica
171,Critical Mass,indica,Critical,Mass,,,,indica
172,Danky Doodle,indica,Danky,Doodle,,,,indica
173,Dark Star,indica,Dark,Star,,,,indica
174,Darth Vader OG,indica,Darth,Vader,OG,,,indica
175,Death Star,indica,Death,Star,,,,indica
176,Death Star OG,indica,Death,Star,OG,,,indica
177,Deep Purple,indica,Deep,Purple,,,,indica
178,Denver Maple,indica,Denver,Maple,,,,indica
179,Devil Fruit,indica,Devil,Fruit,,,,indica
180,Diablo,indica,Diablo,,,,,indica
181,Diamond OG,indica,Diamond,OG,,,,indica
182,Digweed,indica,Digweed,,,,,indica
183,DJ Short Blueberry,indica,DJ,Short,Blueberry,,,indica
184,Domino,indica,Domino,,,,,indica
185,Dynamite,indica,Dynamite,,,,,indica
186,Edelweiss,indica,Edelweiss,,,,,indica
187,El Jeffe,indica,El,Jeffe,,,,indica
188,Enigma,indica,Enigma,,,,,indica
189,Endless Sky,indica,Endless,Sky,,,,indica
190,Eran Almog,indica,Eran,Almog,,,,indica
191,Freezeland,indica,Freezeland,,,,,indica
192,Frosty,indica,Frosty,,,,,indica
193,Fucking Incredible,indica,Fucking,Incredible,,,,indica
194,Funky Monkey,indica,Funky,Monkey,,,,indica
195,G13,indica,G13,,,,,indica
196,Godberry,indica,Godberry,,,,,indica
197,God Bud,indica,God,Bud,,,,indica
198,Godfather OG,indica,Godfather,OG,,,,indica
199,God's Gift,indica,God's,Gift,,,,indica
200,Gog & Magog,indica,Gog,&,Magog,,,indica
201,Granddaddy Purple,indica,Granddaddy,Purple,,,,indica
202,Grand Hindu,indica,Grand,Hindu,,,,indica
203,Grape Ape,indica,Grape,Ape,,,,indica
204,Grape Crush,indica,Grape,Crush,,,,indica
205,Grape Skunk,indica,Grape,Skunk,,,,indica
206,Gravity,indica,Gravity,,,,,indica
207,"G Stik ""RED""",indica,G,Stik,"""RED""",,,indica
208,"G Stik ""Violeta""",indica,G,Stik,"""Violeta""",,,indica
209,Guido Kush,indica,Guido,Kush,,,,indica
210,Gumbo,indica,Gumbo,,,,,indica
211,Haoma,indica,Haoma,,,,,indica
212,Hashberry,indica,Hashberry,,,,,indica
213,Hash Plant,indica,Hash,Plant,,,,indica
214,Hawaiian Delight,indica,Hawaiian,Delight,,,,indica
215,Herojuana,indica,Herojuana,,,,,indica
216,Hindu Kush,indica,Hindu,Kush,,,,indica
217,Hog,indica,Hog,,,,,indica
218,Hog's Breath,indica,Hog's,Breath,,,,indica
219,Hollands Hope,indica,Hollands,Hope,,,,indica
220,Ingrid,indica,Ingrid,,,,,indica
221,Jagermeister,indica,Jagermeister,,,,,indica
222,Jesus OG,indica,Jesus,OG,,,,indica
223,JT15,indica,JT15,,,,,indica
224,Jupiter Kush,indica,Jupiter,Kush,,,,indica
225,Jupiter OG,indica,Jupiter,OG,,,,indica
226,K Train,indica,K,Train,,,,indica
227,Kandahar,indica,Kandahar,,,,,indica
228,King Kush,indica,King,Kush,,,,indica
229,King Louis,indica,King,Louis,,,,indica
230,Kosher Kush,indica,Kosher,Kush,,,,indica
231,Kryptonite,indica,Kryptonite,,,,,indica
232,Kushadelic,indica,Kushadelic,,,,,indica
233,Kush Berry,indica,Kush,Berry,,,,indica
234,LA OG,indica,LA,OG,,,,indica
235,Larry OG,indica,Larry,OG,,,,indica
236,Lavender Kush,indica,Lavender,Kush,,,,indica
237,Lemon OG,indica,Lemon,OG,,,,indica
238,Lions Gate,indica,Lions,Gate,,,,indica
239,Liquid Butter,indica,Liquid,Butter,,,,indica
240,Louis XIII,indica,Louis,XIII,,,,indica
241,Madagascar,indica,Madagascar,,,,,indica
242,Mango,indica,Mango,,,,,indica
243,Maple Leaf Indica,indica,Maple,Leaf,Indica,,,indica
244,Mars OG,indica,Mars,OG,,,,indica
245,Master Bubba,indica,Master,Bubba,,,,indica
246,Master Jedi,indica,Master,Jedi,,,,indica
247,Master Kush,indica,Master,Kush,,,,indica
248,Matsu,indica,Matsu,,,,,indica
249,Mazar I Sharif,indica,Mazar,I,Sharif,,,indica
250,Mercury OG,indica,Mercury,OG,,,,indica
251,Misty Kush,indica,Misty,Kush,,,,indica
252,MK Ultra,indica,MK,Ultra,,,,indica
253,Mossimo OG,indica,Mossimo,OG,,,,indica
254,Mr. Nice,indica,Mr.,Nice,,,,indica
255,Negra 44,indica,Negra,44,,,,indica
256,Neptune Kush,indica,Neptune,Kush,,,,indica
257,Neptune OG,indica,Neptune,OG,,,,indica
258,Nordle,indica,Nordle,,,,,indica
259,Northern Lights,indica,Northern,Lights,,,,indica
260,Nuggetry OG,indica,Nuggetry,OG,,,,indica
261,Obama Kush,indica,Obama,Kush,,,,indica
262,OG Eddy Lepp,indica,OG,Eddy,Lepp,,,indica
263,Paris OG,indica,Paris,OG,,,,indica
264,Pennywise,indica,Pennywise,,,,,indica
265,Pineapple Thai,indica,Pineapple,Thai,,,,indica
266,Pitbull,indica,Pitbull,,,,,indica
267,Platinum Bubba,indica,Platinum,Bubba,,,,indica
268,Platinum Bubba Kush,indica,Platinum,Bubba,Kush,,,indica
269,Platinum Kush,indica,Platinum,Kush,,,,indica
270,Platinum OG,indica,Platinum,OG,,,,indica
271,Platinum Purple Kush,indica,Platinum,Purple,Kush,,,indica
272,Plushberry,indica,Plushberry,,,,,indica
273,Pluto Kush,indica,Pluto,Kush,,,,indica
274,Popcorn Kush,indica,Popcorn,Kush,,,,indica
275,Pot of Gold,indica,Pot,of,Gold,,,indica
276,Power Kush,indica,Power,Kush,,,,indica
277,Presidential OG,indica,Presidential,OG,,,,indica
278,Pure Kush,indica,Pure,Kush,,,,indica
279,Pure OG,indica,Pure,OG,,,,indica
280,Purple Afghani,indica,Purple,Afghani,,,,indica
281,Purple Berry,indica,Purple,Berry,,,,indica
282,Purple Candy,indica,Purple,Candy,,,,indica
283,Purple Cream,indica,Purple,Cream,,,,indica
284,Purple Dragon,indica,Purple,Dragon,,,,indica
285,Purple Goo,indica,Purple,Goo,,,,indica
286,Purple Kush,indica,Purple,Kush,,,,indica
287,Purple Mr. Nice,indica,Purple,Mr.,Nice,,,indica
288,Purple Nepal,indica,Purple,Nepal,,,,indica
289,Purple OG Kush,indica,Purple,OG,Kush,,,indica
290,Purple Passion,indica,Purple,Passion,,,,indica
291,Purple Tonic,indica,Purple,Tonic,,,,indica
292,Purple Urkle,indica,Purple,Urkle,,,,indica
293,Purple Wreck,indica,Purple,Wreck,,,,indica
294,Pre-98 Bubba Kush,indica,Pre-98,Bubba,Kush,,,indica
295,PVC OG,indica,PVC,OG,,,,indica
296,Raspberry Kush,indica,Raspberry,Kush,,,,indica
297,Red Dwarf,indica,Red,Dwarf,,,,indica
298,Red Eye OG,indica,Red,Eye,OG,,,indica
299,Redwood Kush,indica,Redwood,Kush,,,,indica
300,Remedy,indica,Remedy,,,,,indica
301,Rockstar,indica,Rockstar,,,,,indica
302,Rockstar Master Kush,indica,Rockstar,Master,Kush,,,indica
303,Romulan,indica,Romulan,,,,,indica
304,Seattle Blue,indica,Seattle,Blue,,,,indica
305,Sensi Star,indica,Sensi,Star,,,,indica
306,Shark Shock,indica,Shark,Shock,,,,indica
307,Silverback Gorilla,indica,Silverback,Gorilla,,,,indica
308,Skywalker,indica,Skywalker,,,,,indica
309,Snow Monster,indica,Snow,Monster,,,,indica
310,Somango,indica,Somango,,,,,indica
311,South Central LA,indica,South,Central,LA,,,indica
312,Space Dawg,indica,Space,Dawg,,,,indica
313,Strawberry Kush,indica,Strawberry,Kush,,,,indica
314,Sunshine Daydream,indica,Sunshine,Daydream,,,,indica
315,Super Kush,indica,Super,Kush,,,,indica
316,Superman OG,indica,Superman,OG,,,,indica
317,Super Skunk,indica,Super,Skunk,,,,indica
318,Tahoe OG,indica,Tahoe,OG,,,,indica
319,Taliban Poison,indica,Taliban,Poison,,,,indica
320,Tangerine Kush,indica,Tangerine,Kush,,,,indica
321,True OG,indica,True,OG,,,,indica
322,UW,indica,UW,,,,,indica
323,Vanilla Kush,indica,Vanilla,Kush,,,,indica
324,Violator Kush,indica,Violator,Kush,,,,indica
325,White Kush,indica,White,Kush,,,,indica
326,White OG,indica,White,OG,,,,indica
327,Wonder Woman OG,indica,Wonder,Woman,OG,,,indica
328,Woody Kush,indica,Woody,Kush,,,,indica
329,XXX 420,indica,XXX,420,,,,indica
330,XXX OG,indica,XXX,OG,,,,indica
331,Yoda OG,indica,Yoda,OG,,,,indica
332,Yumboldt,indica,Yumboldt,,,,,indica
333,Zombie OG,indica,Zombie,OG,,,,indica
334,ACDC,hybrid,ACDC,,,,,sativa-hybrid
335,Afwreck,hybrid,Afwreck,,,,,sativa-hybrid
336,Alaska,hybrid,Alaska,,,,,sativa-hybrid
337,Avi-Dekel,hybrid,Avi-Dekel,,,,,sativa-hybrid
338,Banana Diesel,hybrid,Banana,Diesel,,,,sativa-hybrid
339,Belladonna,hybrid,Belladonna,,,,,sativa-hybrid
340,Blue Champagne,hybrid,Blue,Champagne,,,,sativa-hybrid
341,Blue Diamond,hybrid,Blue,Diamond,,,,sativa-hybrid
342,Blue Dream,hybrid,Blue,Dream,,,,sativa-hybrid
343,Blue Goo,hybrid,Blue,Goo,,,,sativa-hybrid
344,Blue Haze,hybrid,Blue,Haze,,,,sativa-hybrid
345,Candyland,hybrid,Candyland,,,,,sativa-hybrid
346,Cinderella 99,hybrid,Cinderella,99,,,,sativa-hybrid
347,Double Dream,hybrid,Double,Dream,,,,sativa-hybrid
348,Dream Star,hybrid,Dream,Star,,,,sativa-hybrid
349,Duke Nukem,hybrid,Duke,Nukem,,,,sativa-hybrid
350,Fruit Spirit,hybrid,Fruit,Spirit,,,,sativa-hybrid
351,Glass Slipper,hybrid,Glass,Slipper,,,,sativa-hybrid
352,Green Dream,hybrid,Green,Dream,,,,sativa-hybrid
353,Hashplant Haze,hybrid,Hashplant,Haze,,,,sativa-hybrid
354,Hawaiian Fire,hybrid,Hawaiian,Fire,,,,sativa-hybrid
355,Hawaiian Skunk,hybrid,Hawaiian,Skunk,,,,sativa-hybrid
356,Headbanger,hybrid,Headbanger,,,,,sativa-hybrid
357,Head Cheese,hybrid,Head,Cheese,,,,sativa-hybrid
358,Hippie Crippler,hybrid,Hippie,Crippler,,,,sativa-hybrid
359,Hong Kong,hybrid,Hong,Kong,,,,sativa-hybrid
360,Huckleberry,hybrid,Huckleberry,,,,,sativa-hybrid
361,Humboldt,hybrid,Humboldt,,,,,sativa-hybrid
362,J1,hybrid,J1,,,,,sativa-hybrid
363,Jack Haze,hybrid,Jack,Haze,,,,sativa-hybrid
364,Jack's Cleaner,hybrid,Jack's,Cleaner,,,,sativa-hybrid
365,Jack Widow,hybrid,Jack,Widow,,,,sativa-hybrid
366,Jane Doe,hybrid,Jane,Doe,,,,sativa-hybrid
367,Juliet,hybrid,Juliet,,,,,sativa-hybrid
368,K1,hybrid,K1,,,,,sativa-hybrid
369,Lemon Kush,hybrid,Lemon,Kush,,,,sativa-hybrid
370,Lemon Wreck,hybrid,Lemon,Wreck,,,,sativa-hybrid
371,Lethal Purple,hybrid,Lethal,Purple,,,,sativa-hybrid
372,Loud Dream,hybrid,Loud,Dream,,,,sativa-hybrid
373,Midnight,hybrid,Midnight,,,,,sativa-hybrid
374,Mob Boss,hybrid,Mob,Boss,,,,sativa-hybrid
375,NYC Diesel,hybrid,NYC,Diesel,,,,sativa-hybrid
376,OG Wreck,hybrid,OG,Wreck,,,,sativa-hybrid
377,Orange Dream,hybrid,Orange,Dream,,,,sativa-hybrid
378,Orange Haze,hybrid,Orange,Haze,,,,sativa-hybrid
379,Pineapple Diesel,hybrid,Pineapple,Diesel,,,,sativa-hybrid
380,Power Plant,hybrid,Power,Plant,,,,sativa-hybrid
381,Pure Power Plant,hybrid,Pure,Power,Plant,,,sativa-hybrid
382,Purple Ice,hybrid,Purple,Ice,,,,sativa-hybrid
383,Sapphire Star,hybrid,Sapphire,Star,,,,sativa-hybrid
384,Silver Pearl,hybrid,Silver,Pearl,,,,sativa-hybrid
385,Silver Surfer,hybrid,Silver,Surfer,,,,sativa-hybrid
386,Smelliot,hybrid,Smelliot,,,,,sativa-hybrid
387,Snowcap,hybrid,Snowcap,,,,,sativa-hybrid
388,Sour Cream,hybrid,Sour,Cream,,,,sativa-hybrid
389,Sour Lemon OG,hybrid,Sour,Lemon,OG,,,sativa-hybrid
390,Sour Power,hybrid,Sour,Power,,,,sativa-hybrid
391,Sour Tsunami,hybrid,Sour,Tsunami,,,,sativa-hybrid
392,Stevie Wonder,hybrid,Stevie,Wonder,,,,sativa-hybrid
393,Strawberry Cough,hybrid,Strawberry,Cough,,,,sativa-hybrid
394,Strawberry Dream,hybrid,Strawberry,Dream,,,,sativa-hybrid
395,Superstar,hybrid,Superstar,,,,,sativa-hybrid
396,Sweet Island Skunk,hybrid,Sweet,Island,Skunk,,,sativa-hybrid
397,Swiss Bliss,hybrid,Swiss,Bliss,,,,sativa-hybrid
398,Tahoe OG Kush,hybrid,Tahoe,OG,Kush,,,sativa-hybrid
399,Tangerine Haze,hybrid,Tangerine,Haze,,,,sativa-hybrid
400,Thai-Tanic,hybrid,Thai-Tanic,,,,,sativa-hybrid
401,The Third Dimension,hybrid,The,Third,Dimension,,,sativa-hybrid
402,The Truth,hybrid,The,Truth,,,,sativa-hybrid
403,Trainwreck,hybrid,Trainwreck,,,,,sativa-hybrid
404,White Berry,hybrid,White,Berry,,,,sativa-hybrid
405,White Fire OG,hybrid,White,Fire,OG,,,sativa-hybrid
406,White Shark,hybrid,White,Shark,,,,sativa-hybrid
407,303 OG,hybrid,303,OG,,,,indica-hybrid
408,707 Headband,hybrid,707,Headband,,,,indica-hybrid
409,Afghanica,hybrid,Afghanica,,,,,indica-hybrid
410,AK-48,hybrid,AK-48,,,,,indica-hybrid
411,Albert Walker,hybrid,Albert,Walker,,,,indica-hybrid
412,BC Sweet Tooth,hybrid,BC,Sweet,Tooth,,,indica-hybrid
413,Big Sky OG,hybrid,Big,Sky,OG,,,indica-hybrid
414,Big Wreck,hybrid,Big,Wreck,,,,indica-hybrid
415,Bio-Jesus,hybrid,Bio-Jesus,,,,,indica-hybrid
416,Black Domina,hybrid,Black,Domina,,,,indica-hybrid
417,Black Ice,hybrid,Black,Ice,,,,indica-hybrid
418,Black Mamba,hybrid,Black,Mamba,,,,indica-hybrid
419,Blockhead,hybrid,Blockhead,,,,,indica-hybrid
420,Blue Bastard,hybrid,Blue,Bastard,,,,indica-hybrid
421,Blueberry x Hash Plant,hybrid,Blueberry,x,Hash,Plant,,indica-hybrid
422,Blue Diesel,hybrid,Blue,Diesel,,,,indica-hybrid
423,Blue Ivy,hybrid,Blue,Ivy,,,,indica-hybrid
424,Blue Lights,hybrid,Blue,Lights,,,,indica-hybrid
425,Blue Magoo,hybrid,Blue,Magoo,,,,indica-hybrid
426,Blue Venom,hybrid,Blue,Venom,,,,indica-hybrid
427,Burmese Kush,hybrid,Burmese,Kush,,,,indica-hybrid
428,Cali Gold,hybrid,Cali,Gold,,,,indica-hybrid
429,Chemdawg 4,hybrid,Chemdawg,4,,,,indica-hybrid
430,Citrus Kush,hybrid,Citrus,Kush,,,,indica-hybrid
431,Cold Creek Kush,hybrid,Cold,Creek,Kush,,,indica-hybrid
432,Confidential Cheese,hybrid,Confidential,Cheese,,,,indica-hybrid
433,Cotton Candy Kush,hybrid,Cotton,Candy,Kush,,,indica-hybrid
434,Critical Bilbo,hybrid,Critical,Bilbo,,,,indica-hybrid
435,Critical Haze,hybrid,Critical,Haze,,,,indica-hybrid
436,Dorit,hybrid,Dorit,,,,,indica-hybrid
437,Dr. Who,hybrid,Dr.,Who,,,,indica-hybrid
438,Early Girl,hybrid,Early,Girl,,,,indica-hybrid
439,Elderberry Kush,hybrid,Elderberry,Kush,,,,indica-hybrid
440,Erez,hybrid,Erez,,,,,indica-hybrid
441,Flowerbomb Kush,hybrid,Flowerbomb,Kush,,,,indica-hybrid
442,God's Treat,hybrid,God's,Treat,,,,indica-hybrid
443,Hells Angel OG,hybrid,Hells,Angel,OG,,,indica-hybrid
444,Ice Cream,hybrid,Ice,Cream,,,,indica-hybrid
445,Jasmin or Yasmin,hybrid,Jasmin,or,Yasmin,,,indica-hybrid
446,Lifesaver,hybrid,Lifesaver,,,,,indica-hybrid
447,Little Devil,hybrid,Little,Devil,,,,indica-hybrid
448,LVPK,hybrid,LVPK,,,,,indica-hybrid
449,Manitoba Poison,hybrid,Manitoba,Poison,,,,indica-hybrid
450,Master Skunk,hybrid,Master,Skunk,,,,indica-hybrid
451,Matanuska Thunder Fuck,hybrid,Matanuska,Thunder,Fuck,,,indica-hybrid
452,Millennium,hybrid,Millennium,,,,,indica-hybrid
453,Or,hybrid,Or,,,,,indica-hybrid
454,Papaya,hybrid,Papaya,,,,,indica-hybrid
455,Pineapple Chunk,hybrid,Pineapple,Chunk,,,,indica-hybrid
456,Pink Kush,hybrid,Pink,Kush,,,,indica-hybrid
457,Pink Pez,hybrid,Pink,Pez,,,,indica-hybrid
458,Rascal OG,hybrid,Rascal,OG,,,,indica-hybrid
459,Shiva Skunk,hybrid,Shiva,Skunk,,,,indica-hybrid
460,Skywalker OG,hybrid,Skywalker,OG,,,,indica-hybrid
461,Snoop's Dream,hybrid,Snoop's,Dream,,,,indica-hybrid
462,Sour Apple,hybrid,Sour,Apple,,,,indica-hybrid
463,Sugar Shack,hybrid,Sugar,Shack,,,,indica-hybrid
464,Sunset Sherbert,hybrid,Sunset,Sherbert,,,,indica-hybrid
465,Supernova,hybrid,Supernova,,,,,indica-hybrid
466,The White,hybrid,The,White,,,,indica-hybrid
467,Tres Dawg,hybrid,Tres,Dawg,,,,indica-hybrid
468,Venom OG,hybrid,Venom,OG,,,,indica-hybrid
469,Warlock,hybrid,Warlock,,,,,indica-hybrid
470,White Lightning,hybrid,White,Lightning,,,,indica-hybrid
471,$100 OG,hybrid,$100,OG,,,,mixed-hybrid
472,3 Kings,hybrid,3,Kings,,,,mixed-hybrid
473,Ace of Spades,hybrid,Ace,of,Spades,,,mixed-hybrid
474,Afghan Big Bud,hybrid,Afghan,Big,Bud,,,mixed-hybrid
475,Afghan Diesel,hybrid,Afghan,Diesel,,,,mixed-hybrid
476,Afghooey,hybrid,Afghooey,,,,,mixed-hybrid
477,Agent Orange,hybrid,Agent,Orange,,,,mixed-hybrid
478,AK-47,hybrid,AK-47,,,,,mixed-hybrid
479,Alien OG,hybrid,Alien,OG,,,,mixed-hybrid
480,Alohaberry,hybrid,Alohaberry,,,,,mixed-hybrid
481,Alpha OG,hybrid,Alpha,OG,,,,mixed-hybrid
482,Ambrosia,hybrid,Ambrosia,,,,,mixed-hybrid
483,Animal Cookies,hybrid,Animal,Cookies,,,,mixed-hybrid
484,Apollo 11,hybrid,Apollo,11,,,,mixed-hybrid
485,Apollo 13,hybrid,Apollo,13,,,,mixed-hybrid
486,Appalachia,hybrid,Appalachia,,,,,mixed-hybrid
487,Armageddon,hybrid,Armageddon,,,,,mixed-hybrid
488,Atomic Northern Lights,hybrid,Atomic,Northern,Lights,,,mixed-hybrid
489,A-Train,hybrid,A-Train,,,,,mixed-hybrid
490,Avalon,hybrid,Avalon,,,,,mixed-hybrid
491,Banana OG,hybrid,Banana,OG,,,,mixed-hybrid
492,BC Roadkill,hybrid,BC,Roadkill,,,,mixed-hybrid
493,Berry White,hybrid,Berry,White,,,,mixed-hybrid
494,Big Buddha Cheese,hybrid,Big,Buddha,Cheese,,,mixed-hybrid
495,Bio-Diesel,hybrid,Bio-Diesel,,,,,mixed-hybrid
496,Black Dahlia,hybrid,Black,Dahlia,,,,mixed-hybrid
497,Black Jack,hybrid,Black,Jack,,,,mixed-hybrid
498,Black Tuna,hybrid,Black,Tuna,,,,mixed-hybrid
499,Black Velvet,hybrid,Black,Velvet,,,,mixed-hybrid
500,Black Widow,hybrid,Black,Widow,,,,mixed-hybrid
501,Blueberry Cheesecake,hybrid,Blueberry,Cheesecake,,,,mixed-hybrid
502,Blueberry Haze,hybrid,Blueberry,Haze,,,,mixed-hybrid
503,Blueberry Headband,hybrid,Blueberry,Headband,,,,mixed-hybrid
504,Blue Boy,hybrid,Blue,Boy,,,,mixed-hybrid
505,Blue Dragon,hybrid,Blue,Dragon,,,,mixed-hybrid
506,Blue Hawaiian,hybrid,Blue,Hawaiian,,,,mixed-hybrid
507,Blue Mystic,hybrid,Blue,Mystic,,,,mixed-hybrid
508,Blue OG,hybrid,Blue,OG,,,,mixed-hybrid
509,Blue Rhino,hybrid,Blue,Rhino,,,,mixed-hybrid
510,Blue Train,hybrid,Blue,Train,,,,mixed-hybrid
511,Blue Widow,hybrid,Blue,Widow,,,,mixed-hybrid
512,Boggle Gum,hybrid,Boggle,Gum,,,,mixed-hybrid
513,Bordello,hybrid,Bordello,,,,,mixed-hybrid
514,Boysenberry,hybrid,Boysenberry,,,,,mixed-hybrid
515,Brains Damage,hybrid,Brains,Damage,,,,mixed-hybrid
516,Broke Diesel,hybrid,Broke,Diesel,,,,mixed-hybrid
517,Bruce Banner #3,hybrid,Bruce,Banner,#3,,,mixed-hybrid
518,Bubbleberry,hybrid,Bubbleberry,,,,,mixed-hybrid
519,Bubblegum,hybrid,Bubblegum,,,,,mixed-hybrid
520,Bubblegun,hybrid,Bubblegun,,,,,mixed-hybrid
521,C13 Haze,hybrid,C13,Haze,,,,mixed-hybrid
522,Cali Kush,hybrid,Cali,Kush,,,,mixed-hybrid
523,Calm,hybrid,Calm,,,,,mixed-hybrid
524,Cannadential,hybrid,Cannadential,,,,,mixed-hybrid
525,Cannatonic,hybrid,Cannatonic,,,,,mixed-hybrid
526,Caramelicious,hybrid,Caramelicious,,,,,mixed-hybrid
527,Casey Jones,hybrid,Casey,Jones,,,,mixed-hybrid
528,Cataract Kush,hybrid,Cataract,Kush,,,,mixed-hybrid
529,Champagne Kush,hybrid,Champagne,Kush,,,,mixed-hybrid
530,Cheese,hybrid,Cheese,,,,,mixed-hybrid
531,Chem Crush,hybrid,Chem,Crush,,,,mixed-hybrid
532,Chemdawg,hybrid,Chemdawg,,,,,mixed-hybrid
533,Chernobyl,hybrid,Chernobyl,,,,,mixed-hybrid
534,Cherry AK-47,hybrid,Cherry,AK-47,,,,mixed-hybrid
535,Cherry Bomb,hybrid,Cherry,Bomb,,,,mixed-hybrid
536,Cherry Kush,hybrid,Cherry,Kush,,,,mixed-hybrid
537,Cherry Limeade,hybrid,Cherry,Limeade,,,,mixed-hybrid
538,Cherry Pie,hybrid,Cherry,Pie,,,,mixed-hybrid
539,Chiesel,hybrid,Chiesel,,,,,mixed-hybrid
540,Chocolate Kush,hybrid,Chocolate,Kush,,,,mixed-hybrid
541,Cinex,hybrid,Cinex,,,,,mixed-hybrid
542,Colorado Chem,hybrid,Colorado,Chem,,,,mixed-hybrid
543,Connie Chung,hybrid,Connie,Chung,,,,mixed-hybrid
544,Cookies and Cream,hybrid,Cookies,and,Cream,,,mixed-hybrid
545,Crimea Blue,hybrid,Crimea,Blue,,,,mixed-hybrid
546,Dairy Queen,hybrid,Dairy,Queen,,,,mixed-hybrid
547,Deadhead OG,hybrid,Deadhead,OG,,,,mixed-hybrid
548,Diesel Duff,hybrid,Diesel,Duff,,,,mixed-hybrid
549,Dieseltonic,hybrid,Dieseltonic,,,,,mixed-hybrid
550,Dogwalker OG,hybrid,Dogwalker,OG,,,,mixed-hybrid
551,Donna OG,hybrid,Donna,OG,,,,mixed-hybrid
552,Dopium,hybrid,Dopium,,,,,mixed-hybrid
553,Dreadlock,hybrid,Dreadlock,,,,,mixed-hybrid
554,Dream Queen,hybrid,Dream,Queen,,,,mixed-hybrid
555,Durban Cheese,hybrid,Durban,Cheese,,,,mixed-hybrid
556,Dutch Treat,hybrid,Dutch,Treat,,,,mixed-hybrid
557,Euphoria,hybrid,Euphoria,,,,,mixed-hybrid
558,Earth OG,hybrid,Earth,OG,,,,mixed-hybrid
559,Earthquake,hybrid,Earthquake,,,,,mixed-hybrid
560,Ed Rosenthal Super Bud,hybrid,Ed,Rosenthal,Super,Bud,,mixed-hybrid
561,El-Na,hybrid,El-Na,,,,,mixed-hybrid
562,El Niño,hybrid,El,Niño,,,,mixed-hybrid
563,Ewok,hybrid,Ewok,,,,,mixed-hybrid
564,Exodus Cheese,hybrid,Exodus,Cheese,,,,mixed-hybrid
565,Fire OG,hybrid,Fire,OG,,,,mixed-hybrid
566,Flourish,hybrid,Flourish,,,,,mixed-hybrid
567,Fruity Pebbles,hybrid,Fruity,Pebbles,,,,mixed-hybrid
568,Ghost OG,hybrid,Ghost,OG,,,,mixed-hybrid
569,Girl Scout Cookies,hybrid,Girl,Scout,Cookies,,,mixed-hybrid
570,Goldberry,hybrid,Goldberry,,,,,mixed-hybrid
571,Golden Goat,hybrid,Golden,Goat,,,,mixed-hybrid
572,Gorilla Glue #4,hybrid,Gorilla,Glue,#4,,,mixed-hybrid
573,Grand Hustle,hybrid,Grand,Hustle,,,,mixed-hybrid
574,Grapefruit Diesel,hybrid,Grapefruit,Diesel,,,,mixed-hybrid
575,Grapefruit Haze,hybrid,Grapefruit,Haze,,,,mixed-hybrid
576,Grapefruit Kush,hybrid,Grapefruit,Kush,,,,mixed-hybrid
577,Grape God,hybrid,Grape,God,,,,mixed-hybrid
578,Grape Kush,hybrid,Grape,Kush,,,,mixed-hybrid
579,Green Door Kush,hybrid,Green,Door,Kush,,,mixed-hybrid
580,Green Hornet,hybrid,Green,Hornet,,,,mixed-hybrid
581,Green Monster,hybrid,Green,Monster,,,,mixed-hybrid
582,Green Queen,hybrid,Green,Queen,,,,mixed-hybrid
583,Green Ribbon,hybrid,Green,Ribbon,,,,mixed-hybrid
584,"G Stik ""Orange""",hybrid,G,Stik,"""Orange""",,,mixed-hybrid
585,"G Stik ""Verde""",hybrid,G,Stik,"""Verde""",,,mixed-hybrid
586,Guava Chem,hybrid,Guava,Chem,,,,mixed-hybrid
587,Guava Kush,hybrid,Guava,Kush,,,,mixed-hybrid
588,Harlequin,hybrid,Harlequin,,,,,mixed-hybrid
589,Harmony,hybrid,Harmony,,,,,mixed-hybrid
590,Hawaiian Punch,hybrid,Hawaiian,Punch,,,,mixed-hybrid
591,Hawaiian Thunder Fuck,hybrid,Hawaiian,Thunder,Fuck,,,mixed-hybrid
592,Headband,hybrid,Headband,,,,,mixed-hybrid
593,Heavy Duty Fruity,hybrid,Heavy,Duty,Fruity,,,mixed-hybrid
594,Himalayan Gold,hybrid,Himalayan,Gold,,,,mixed-hybrid
595,Hindu Skunk,hybrid,Hindu,Skunk,,,,mixed-hybrid
596,Holistic,hybrid,Holistic,,,,,mixed-hybrid
597,Holy Grail Kush,hybrid,Holy,Grail,Kush,,,mixed-hybrid
598,Ice,hybrid,Ice,,,,,mixed-hybrid
599,Jah Kush,hybrid,Jah,Kush,,,,mixed-hybrid
600,Jack Flash,hybrid,Jack,Flash,,,,mixed-hybrid
601,Jack Frost,hybrid,Jack,Frost,,,,mixed-hybrid
602,Jack Kush,hybrid,Jack,Kush,,,,mixed-hybrid
603,Jack the Ripper,hybrid,Jack,the,Ripper,,,mixed-hybrid
604,Jilly Bean,hybrid,Jilly,Bean,,,,mixed-hybrid
605,Juicy Fruit,hybrid,Juicy,Fruit,,,,mixed-hybrid
606,Julius Caesar,hybrid,Julius,Caesar,,,,mixed-hybrid
607,Kahuna,hybrid,Kahuna,,,,,mixed-hybrid
608,Key Lime Haze,hybrid,Key,Lime,Haze,,,mixed-hybrid
609,Khola,hybrid,Khola,,,,,mixed-hybrid
610,Killer Queen,hybrid,Killer,Queen,,,,mixed-hybrid
611,Kimbo Kush,hybrid,Kimbo,Kush,,,,mixed-hybrid
612,King Kong,hybrid,King,Kong,,,,mixed-hybrid
613,Kushage,hybrid,Kushage,,,,,mixed-hybrid
614,Kushashima,hybrid,Kushashima,,,,,mixed-hybrid
615,Kushberry,hybrid,Kushberry,,,,,mixed-hybrid
616,LA Jack,hybrid,LA,Jack,,,,mixed-hybrid
617,Lambo OG,hybrid,Lambo,OG,,,,mixed-hybrid
618,LAPD,hybrid,LAPD,,,,,mixed-hybrid
619,LA Woman,hybrid,LA,Woman,,,,mixed-hybrid
620,Lavender,hybrid,Lavender,,,,,mixed-hybrid
621,Lemon Diesel,hybrid,Lemon,Diesel,,,,mixed-hybrid
622,Lemon Drop,hybrid,Lemon,Drop,,,,mixed-hybrid
623,Lemon Skunk,hybrid,Lemon,Skunk,,,,mixed-hybrid
624,Lemon Walker OG,hybrid,Lemon,Walker,OG,,,mixed-hybrid
625,Liberty Haze,hybrid,Liberty,Haze,,,,mixed-hybrid
626,Lowryder,hybrid,Lowryder,,,,,mixed-hybrid
627,LSD,hybrid,LSD,,,,,mixed-hybrid
628,Lucky Charms,hybrid,Lucky,Charms,,,,mixed-hybrid
629,M-39,hybrid,M-39,,,,,mixed-hybrid
630,Mad Dog,hybrid,Mad,Dog,,,,mixed-hybrid
631,Mango Kush,hybrid,Mango,Kush,,,,mixed-hybrid
632,Maui Berry,hybrid,Maui,Berry,,,,mixed-hybrid
633,Martian Mean Green,hybrid,Martian,Mean,Green,,,mixed-hybrid
634,Master Yoda,hybrid,Master,Yoda,,,,mixed-hybrid
635,Medicine Man,hybrid,Medicine,Man,,,,mixed-hybrid
636,Mendocino Purps,hybrid,Mendocino,Purps,,,,mixed-hybrid
637,Mother's Helper,hybrid,Mother's,Helper,,,,mixed-hybrid
638,Nebula,hybrid,Nebula,,,,,mixed-hybrid
639,Neville's Haze,hybrid,Neville's,Haze,,,,mixed-hybrid
640,Northern Lights #5,hybrid,Northern,Lights,#5,,,mixed-hybrid
641,Northern Skunk,hybrid,Northern,Skunk,,,,mixed-hybrid
642,Odyssey,hybrid,Odyssey,,,,,mixed-hybrid
643,OG Diesel Kush,hybrid,OG,Diesel,Kush,,,mixed-hybrid
644,OGiesel,hybrid,OGiesel,,,,,mixed-hybrid
645,OG Kush,hybrid,OG,Kush,,,,mixed-hybrid
646,OG Poison,hybrid,OG,Poison,,,,mixed-hybrid
647,OG Shark,hybrid,OG,Shark,,,,mixed-hybrid
648,Old Lyme Connecticut OG,hybrid,Old,Lyme,Connecticut,OG,,mixed-hybrid
649,Orange Bud,hybrid,Orange,Bud,,,,mixed-hybrid
650,Orange Crush,hybrid,Orange,Crush,,,,mixed-hybrid
651,Orange Diesel,hybrid,Orange,Diesel,,,,mixed-hybrid
652,Orange Kush,hybrid,Orange,Kush,,,,mixed-hybrid
653,Orange Skunk,hybrid,Orange,Skunk,,,,mixed-hybrid
654,Orange Velvet,hybrid,Orange,Velvet,,,,mixed-hybrid
655,Organic Diesel,hybrid,Organic,Diesel,,,,mixed-hybrid
656,P-91,hybrid,P-91,,,,,mixed-hybrid
657,Permafrost,hybrid,Permafrost,,,,,mixed-hybrid
658,Pineapple,hybrid,Pineapple,,,,,mixed-hybrid
659,Pineapple Express,hybrid,Pineapple,Express,,,,mixed-hybrid
660,Pineapple Kush,hybrid,Pineapple,Kush,,,,mixed-hybrid
661,Platinum Girl Scout Cookies,hybrid,Platinum,Girl,Scout,Cookies,,mixed-hybrid
662,Purple AK-47,hybrid,Purple,AK-47,,,,mixed-hybrid
663,Purple Arrow,hybrid,Purple,Arrow,,,,mixed-hybrid
664,Purple Diesel,hybrid,Purple,Diesel,,,,mixed-hybrid
665,Purple Dream,hybrid,Purple,Dream,,,,mixed-hybrid
666,Purple Hashplant,hybrid,Purple,Hashplant,,,,mixed-hybrid
667,Purple Jack,hybrid,Purple,Jack,,,,mixed-hybrid
668,Purple Princess,hybrid,Purple,Princess,,,,mixed-hybrid
669,Purple Sage,hybrid,Purple,Sage,,,,mixed-hybrid
670,Purple Sour Diesel,hybrid,Purple,Sour,Diesel,,,mixed-hybrid
671,Purple Trainwreck,hybrid,Purple,Trainwreck,,,,mixed-hybrid
672,Purple Voodoo,hybrid,Purple,Voodoo,,,,mixed-hybrid
673,Qrazy Train,hybrid,Qrazy,Train,,,,mixed-hybrid
674,Quebec Gold,hybrid,Quebec,Gold,,,,mixed-hybrid
675,Querkle,hybrid,Querkle,,,,,mixed-hybrid
676,Rainbow,hybrid,Rainbow,,,,,mixed-hybrid
677,Recon,hybrid,Recon,,,,,mixed-hybrid
678,Red Cherry Berry,hybrid,Red,Cherry,Berry,,,mixed-hybrid
679,Redding OG,hybrid,Redding,OG,,,,mixed-hybrid
680,Richie Rich,hybrid,Richie,Rich,,,,mixed-hybrid
681,Rocklock,hybrid,Rocklock,,,,,mixed-hybrid
682,Romping Goddess,hybrid,Romping,Goddess,,,,mixed-hybrid
683,Romulan Grapefruit,hybrid,Romulan,Grapefruit,,,,mixed-hybrid
684,Royal Dwarf,hybrid,Royal,Dwarf,,,,mixed-hybrid
685,Royal Kush,hybrid,Royal,Kush,,,,mixed-hybrid
686,Russian Rocket Fuel,hybrid,Russian,Rocket,Fuel,,,mixed-hybrid
687,SAGE,hybrid,SAGE,,,,,mixed-hybrid
688,Saturn OG,hybrid,Saturn,OG,,,,mixed-hybrid
689,SFV OG,hybrid,SFV,OG,,,,mixed-hybrid
690,Sharksbreath,hybrid,Sharksbreath,,,,,mixed-hybrid
691,Shiatsu Kush,hybrid,Shiatsu,Kush,,,,mixed-hybrid
692,Shishkaberry,hybrid,Shishkaberry,,,,,mixed-hybrid
693,Shoreline,hybrid,Shoreline,,,,,mixed-hybrid
694,Sierra Mist,hybrid,Sierra,Mist,,,,mixed-hybrid
695,Skunky Diesel,hybrid,Skunky,Diesel,,,,mixed-hybrid
696,Sky Dog,hybrid,Sky,Dog,,,,mixed-hybrid
697,Snow White,hybrid,Snow,White,,,,mixed-hybrid
698,Sour Cheese,hybrid,Sour,Cheese,,,,mixed-hybrid
699,Sour Dream,hybrid,Sour,Dream,,,,mixed-hybrid
700,Sour Grape,hybrid,Sour,Grape,,,,mixed-hybrid
701,Sour Grapes,hybrid,Sour,Grapes,,,,mixed-hybrid
702,Sour Jilly,hybrid,Sour,Jilly,,,,mixed-hybrid
703,Sour Kush,hybrid,Sour,Kush,,,,mixed-hybrid
704,Sour OG,hybrid,Sour,OG,,,,mixed-hybrid
705,Space Bomb,hybrid,Space,Bomb,,,,mixed-hybrid
706,Space Queen,hybrid,Space,Queen,,,,mixed-hybrid
707,Stardawg,hybrid,Stardawg,,,,,mixed-hybrid
708,Starry Night,hybrid,Starry,Night,,,,mixed-hybrid
709,Strawberry Banana,hybrid,Strawberry,Banana,,,,mixed-hybrid
710,Strawberry Diesel,hybrid,Strawberry,Diesel,,,,mixed-hybrid
711,Super Blue Dream,hybrid,Super,Blue,Dream,,,mixed-hybrid
712,Super Lemon Haze,hybrid,Super,Lemon,Haze,,,mixed-hybrid
713,Super Sour Widow,hybrid,Super,Sour,Widow,,,mixed-hybrid
714,Sweet Kush,hybrid,Sweet,Kush,,,,mixed-hybrid
715,Sweet Tooth,hybrid,Sweet,Tooth,,,,mixed-hybrid
716,Tangerine Dream,hybrid,Tangerine,Dream,,,,mixed-hybrid
717,Thaidal Wave,hybrid,Thaidal,Wave,,,,mixed-hybrid
718,THC Bomb,hybrid,THC,Bomb,,,,mixed-hybrid
719,The Flav,hybrid,The,Flav,,,,mixed-hybrid
720,The Void,hybrid,The,Void,,,,mixed-hybrid
721,Thin Mint Girl Scout Cookies,hybrid,Thin,Mint,Girl,Scout,Cookies,mixed-hybrid
722,Tiger Woods,hybrid,Tiger,Woods,,,,mixed-hybrid
723,Tranquil,hybrid,Tranquil,,,,,mixed-hybrid
724,Trident,hybrid,Trident,,,,,mixed-hybrid
725,Trifecta,hybrid,Trifecta,,,,,mixed-hybrid
726,Tropicali,hybrid,Tropicali,,,,,mixed-hybrid
727,Tropical Tang,hybrid,Tropical,Tang,,,,mixed-hybrid
728,UK Cheese,hybrid,UK,Cheese,,,,mixed-hybrid
729,Unwind,hybrid,Unwind,,,,,mixed-hybrid
730,Verde Electric,hybrid,Verde,Electric,,,,mixed-hybrid
731,Waldo,hybrid,Waldo,,,,,mixed-hybrid
732,Walrus Kush,hybrid,Walrus,Kush,,,,mixed-hybrid
733,White Dawg,hybrid,White,Dawg,,,,mixed-hybrid
734,White Fire Alien OG,hybrid,White,Fire,Alien,OG,,mixed-hybrid
735,White Queen,hybrid,White,Queen,,,,mixed-hybrid
736,White Rhino,hybrid,White,Rhino,,,,mixed-hybrid
737,White Russian,hybrid,White,Russian,,,,mixed-hybrid
738,White Widow,hybrid,White,Widow,,,,mixed-hybrid
739,White Zombie,hybrid,White,Zombie,,,,mixed-hybrid
740,Willy's Wonder,hybrid,Willy's,Wonder,,,,mixed-hybrid
741,Wonder Haze,hybrid,Wonder,Haze,,,,mixed-hybrid
742,Wonder Woman,hybrid,Wonder,Woman,,,,mixed-hybrid
743,Wonka's Bubblicious,hybrid,Wonka's,Bubblicious,,,,mixed-hybrid
744,XJ-13,hybrid,XJ-13,,,,,mixed-hybrid
